"Gruppe","lfd.Nr.","Platz","Familien- oder Nachname","Vorname","incoming","Matrikelnummer","Kennzahl","Studium","Semester im Studium","Anmeldedatum","E-Mail","Anmerkung"
"T1","1","fix","Winkler","Olaf","N","1434949","79871298977554","F 033 521 (UG2002)","1","01.10.2013,00:24","owinkler@student.tugraz.at",""
"T1","2","fix","Hansen","Corinna","N","1532789","79871372839954","F 033 521 (UG2002)","1","27.09.2013,14:00","c.hansen@student.tugraz.at",""
"T2","3","fix","Flaschenstein","Robert","N","1532869","7987137755543","F 033 521 (UG2002)","1","29.09.2013,22:44","robert.flaschenstein@student.tugraz.at",""
"T2","4","fix","von Maier","Maya","N","1434324","79871292815760","F 033 521 (UG2002)","2","07.10.2013,16:42","maya.vonmayer@student.tugraz.at",""
"T3","5","fix","Stern-Schwarzenmann","Marko Robert","N","1515935","79871296806470","B 190 299 884 F (UG2002)","1","03.10.2013,17:35","marko.stern-schwarzenmann@student.tugraz.at",""
"T3","6","fix","Berger","Nadine","N","1512594","79871372839970","F 033 524 (UG2002)","1","27.09.2013,14:00","nadine.berger@student.tugraz.at",""
"T4","7","fix","Königsmeier","Niklas","N","1332316","79871369809151","F 033 524 (UG2002)","1","30.09.2013,17:08","niklas.koenigsmeier@student.tugraz.at",""
"T4","8","fix","Herzogmacher","Florentine","N","1333199","79871369816463","F 033 253 (UG2002)","5","30.09.2013,16:35","herzogmacher@student.tugraz.at",""
